SQL> SELECT * FROM EMP;

     EMPNO ENAME      JOB              MGR HIREDATE         SAL       COMM     DEPTNO                                                                                                                                                                                                                                                                                                                                                                                                                                                                                                                                                                                                                                                                                                                                                                                                                                                                                                                                                   
---------- ---------- --------- ---------- --------- ---------- ---------- ----------                                                                                                                                                                                                                                                                                                                                                                                                                                                                                                                                                                                                                                                                                                                                                                                                                                                                                                                                                   
      7369 SMITH      CLERK           7902 17-DEC-80        800                    20                                                                                                                                                                                                                                                                                                                                                                                                                                                                                                                                                                                                                                                                                                                                                                                                                                                                                                                                                   
      7499 ALLEN      SALESMAN        7698 20-FEB-81       1600        300         30                                                                                                                                                                                                                                                                                                                                                                                                                                                                                                                                                                                                                                                                                                                                                                                                                                                                                                                                                   
      7521 WARD       SALESMAN        7698 22-FEB-81       1250        500         30                                                                                                                                                                                                                                                                                                                                                                                                                                                                                                                                                                                                                                                                                                                                                                                                                                                                                                                                                   
      7566 JONES      MANAGER         7839 02-APR-81       2975                    20                                                                                                                                                                                                                                                                                                                                                                                                                                                                                                                                                                                                                                                                                                                                                                                                                                                                                                                                                   
      7654 MARTIN     SALESMAN        7698 28-SEP-81       1250       1400         30                                                                                                                                                                                                                                                                                                                                                                                                                                                                                                                                                                                                                                                                                                                                                                                                                                                                                                                                                   
      7698 BLAKE      MANAGER         7839 01-MAY-81       2850                    30                                                                                                                                                                                                                                                                                                                                                                                                                                                                                                                                                                                                                                                                                                                                                                                                                                                                                                                                                   
      7782 CLARK      MANAGER         7839 09-JUN-81       2450                    10                                                                                                                                                                                                                                                                                                                                                                                                                                                                                                                                                                                                                                                                                                                                                                                                                                                                                                                                                   
      7788 SCOTT      ANALYST         7566 19-APR-87       3000                    20                                                                                                                                                                                                                                                                                                                                                                                                                                                                                                                                                                                                                                                                                                                                                                                                                                                                                                                                                   
      7839 KING       PRESIDENT            17-NOV-81       5000                    10                                                                                                                                                                                                                                                                                                                                                                                                                                                                                                                                                                                                                                                                                                                                                                                                                                                                                                                                                   
      7844 TURNER     SALESMAN        7698 08-SEP-81       1500          0         30                                                                                                                                                                                                                                                                                                                                                                                                                                                                                                                                                                                                                                                                                                                                                                                                                                                                                                                                                   
      7876 ADAMS      CLERK           7788 23-MAY-87       1100                    20                                                                                                                                                                                                                                                                                                                                                                                                                                                                                                                                                                                                                                                                                                                                                                                                                                                                                                                                                   
      7900 JAMES      CLERK           7698 03-DEC-81        950                    30                                                                                                                                                                                                                                                                                                                                                                                                                                                                                                                                                                                                                                                                                                                                                                                                                                                                                                                                                   
      7902 FORD       ANALYST         7566 03-DEC-81       3000                    20                                                                                                                                                                                                                                                                                                                                                                                                                                                                                                                                                                                                                                                                                                                                                                                                                                                                                                                                                   
      7934 MILLER     CLERK           7782 23-JAN-82       1300                    10                                                                                                                                                                                                                                                                                                                                                                                                                                                                                                                                                                                                                                                                                                                                                                                                                                                                                                                                                   

14 rows selected.

SQL> SELECT * FROM DEPT;

    DEPTNO DNAME          LOC                                                                                                                                                                                                                                                                                                                                                                                                                                                                                                                                                                                                                                                                                                                                                                                                                                                                                                                                                                                                           
---------- -------------- -------------                                                                                                                                                                                                                                                                                                                                                                                                                                                                                                                                                                                                                                                                                                                                                                                                                                                                                                                                                                                                 
        10 ACCOUNTING     NEW YORK                                                                                                                                                                                                                                                                                                                                                                                                                                                                                                                                                                                                                                                                                                                                                                                                                                                                                                                                                                                                      
        20 RESEARCH       DALLAS                                                                                                                                                                                                                                                                                                                                                                                                                                                                                                                                                                                                                                                                                                                                                                                                                                                                                                                                                                                                        
        30 SALES          CHICAGO                                                                                                                                                                                                                                                                                                                                                                                                                                                                                                                                                                                                                                                                                                                                                                                                                                                                                                                                                                                                       
        40 OPERATIONS     BOSTON                                                                                                                                                                                                                                                                                                                                                                                                                                                                                                                                                                                                                                                                                                                                                                                                                                                                                                                                                                                                        

SQL> -- Q1: WAQTD NAMES OF THE EMPLOYEES EARNING MORE THAN SCOTT IN ACCOUNTING DEPT
SQL> 
SQL> SELECT ENAME
  2  FROM EMP
  3  WHERE SAL > (SELECT SAL FROM EMP WHERE ENAME = 'SCOTT')
  4  AND DEPTNO IN (SELECT DEPTNO FROM DEPT WHERE DNAME = 'ACCOUNTING');

ENAME                                                                                                                                                                                                                                                                                                                                                                                                                                                                                                                                                                                                                                                                                                                                                                                                                                                                                                                                                                                                                                   
----------                                                                                                                                                                                                                                                                                                                                                                                                                                                                                                                                                                                                                                                                                                                                                                                                                                                                                                                                                                                                                              
KING                                                                                                                                                                                                                                                                                                                                                                                                                                                                                                                                                                                                                                                                                                                                                                                                                                                                                                                                                                                                                                    

SQL> 
SQL> -- Q2: WAQTD DETAILS OF THE EMPLOYEES WORKING AS MANAGER IN THE LOCATION CHICAGO
SQL> 
SQL> SELECT *
  2  FROM EMP
  3  WHERE JOB = 'MANAGER' AND DEPTNO IN (SELECT DEPTNO FROM DEPT WHERE LOC = 'CHICAGO');

     EMPNO ENAME      JOB              MGR HIREDATE         SAL       COMM     DEPTNO                                                                                                                                                                                                                                                                                                                                                                                                                                                                                                                                                                                                                                                                                                                                                                                                                                                                                                                                                   
---------- ---------- --------- ---------- --------- ---------- ---------- ----------                                                                                                                                                                                                                                                                                                                                                                                                                                                                                                                                                                                                                                                                                                                                                                                                                                                                                                                                                   
      7698 BLAKE      MANAGER         7839 01-MAY-81       2850                    30                                                                                                                                                                                                                                                                                                                                                                                                                                                                                                                                                                                                                                                                                                                                                                                                                                                                                                                                                   

SQL> 
SQL> -- Q3: WAQTD NAME AND SAL OF THE EMPLOYEES EARNING MORE THAN KING IN THE DEPT ACCOUNTING
SQL> 
SQL> SELECT ENAME , SAL
  2  FROM EMP
  3  WHERE SAL > (SELECT SAL FROM EMP WHERE ENAME = 'KING')
  4  AND DEPTNO IN (SELECT DEPTNO FROM DEPT WHERE DNAME = 'ACCOUNTING');

no rows selected

SQL> 
SQL> -- Q4: WAQTD DETAILS OF THE EMPLOYEES WORKING AS SALESMAN IN THE DEPARTMENT SALES
SQL> SELECT *
  2  FROM EMP
  3  WHERE JOB = 'SALESMAN'
  4  AND DEPTNO =
  5        (SELECT DEPTNO FROM DEPT WHERE DNAME = 'SALES');

     EMPNO ENAME      JOB              MGR HIREDATE         SAL       COMM     DEPTNO                                                                                                                                                                                                                                                                                                                                                                                                                                                                                                                                                                                                                                                                                                                                                                                                                                                                                                                                                   
---------- ---------- --------- ---------- --------- ---------- ---------- ----------                                                                                                                                                                                                                                                                                                                                                                                                                                                                                                                                                                                                                                                                                                                                                                                                                                                                                                                                                   
      7499 ALLEN      SALESMAN        7698 20-FEB-81       1600        300         30                                                                                                                                                                                                                                                                                                                                                                                                                                                                                                                                                                                                                                                                                                                                                                                                                                                                                                                                                   
      7521 WARD       SALESMAN        7698 22-FEB-81       1250        500         30                                                                                                                                                                                                                                                                                                                                                                                                                                                                                                                                                                                                                                                                                                                                                                                                                                                                                                                                                   
      7654 MARTIN     SALESMAN        7698 28-SEP-81       1250       1400         30                                                                                                                                                                                                                                                                                                                                                                                                                                                                                                                                                                                                                                                                                                                                                                                                                                                                                                                                                   
      7844 TURNER     SALESMAN        7698 08-SEP-81       1500          0         30                                                                                                                                                                                                                                                                                                                                                                                                                                                                                                                                                                                                                                                                                                                                                                                                                                                                                                                                                   

SQL> 
SQL> -- Q5: WAQTD NAME, SAL, JOB, HIREDATE OF THE EMPLOYEES WORKING IN OPERATIONS DEPARTMENT AND HIRED BEFORE KING
SQL> SELECT ENAME, SAL, JOB, HIREDATE
  2  FROM EMP
  3  WHERE DEPTNO =
  4        (SELECT DEPTNO FROM DEPT WHERE DNAME = 'OPERATIONS')
  5  AND HIREDATE <
  6        (SELECT HIREDATE FROM EMP WHERE ENAME = 'KING');

no rows selected

SQL> 
SQL> -- Q6: DISPLAY ALL THE EMPLOYEES WHOSE DEPARTMENT NAMES ENDING 'S'
SQL> SELECT *
  2  FROM EMP
  3  WHERE DEPTNO IN
  4        (SELECT DEPTNO FROM DEPT WHERE DNAME LIKE '%S');

     EMPNO ENAME      JOB              MGR HIREDATE         SAL       COMM     DEPTNO                                                                                                                                                                                                                                                                                                                                                                                                                                                                                                                                                                                                                                                                                                                                                                                                                                                                                                                                                   
---------- ---------- --------- ---------- --------- ---------- ---------- ----------                                                                                                                                                                                                                                                                                                                                                                                                                                                                                                                                                                                                                                                                                                                                                                                                                                                                                                                                                   
      7499 ALLEN      SALESMAN        7698 20-FEB-81       1600        300         30                                                                                                                                                                                                                                                                                                                                                                                                                                                                                                                                                                                                                                                                                                                                                                                                                                                                                                                                                   
      7521 WARD       SALESMAN        7698 22-FEB-81       1250        500         30                                                                                                                                                                                                                                                                                                                                                                                                                                                                                                                                                                                                                                                                                                                                                                                                                                                                                                                                                   
      7654 MARTIN     SALESMAN        7698 28-SEP-81       1250       1400         30                                                                                                                                                                                                                                                                                                                                                                                                                                                                                                                                                                                                                                                                                                                                                                                                                                                                                                                                                   
      7698 BLAKE      MANAGER         7839 01-MAY-81       2850                    30                                                                                                                                                                                                                                                                                                                                                                                                                                                                                                                                                                                                                                                                                                                                                                                                                                                                                                                                                   
      7844 TURNER     SALESMAN        7698 08-SEP-81       1500          0         30                                                                                                                                                                                                                                                                                                                                                                                                                                                                                                                                                                                                                                                                                                                                                                                                                                                                                                                                                   
      7900 JAMES      CLERK           7698 03-DEC-81        950                    30                                                                                                                                                                                                                                                                                                                                                                                                                                                                                                                                                                                                                                                                                                                                                                                                                                                                                                                                                   

6 rows selected.

SQL> 
SQL> -- Q7: WAQTD DNAME OF THE EMPLOYEES WHOSE NAMES HAS CHARACTER 'A' IN IT
SQL> SELECT DISTINCT DNAME
  2  FROM DEPT
  3  WHERE DEPTNO IN
  4        (SELECT DEPTNO FROM EMP WHERE ENAME LIKE '%A%');

DNAME                                                                                                                                                                                                                                                                                                                                                                                                                                                                                                                                                                                                                                                                                                                                                                                                                                                                                                                                                                                                                                   
--------------                                                                                                                                                                                                                                                                                                                                                                                                                                                                                                                                                                                                                                                                                                                                                                                                                                                                                                                                                                                                                          
ACCOUNTING                                                                                                                                                                                                                                                                                                                                                                                                                                                                                                                                                                                                                                                                                                                                                                                                                                                                                                                                                                                                                              
RESEARCH                                                                                                                                                                                                                                                                                                                                                                                                                                                                                                                                                                                                                                                                                                                                                                                                                                                                                                                                                                                                                                
SALES                                                                                                                                                                                                                                                                                                                                                                                                                                                                                                                                                                                                                                                                                                                                                                                                                                                                                                                                                                                                                                   

SQL> 
SQL> -- Q8: WAQTD DNAME AND LOC OF THE EMPLOYEES WHOSE SALARY IS RUPEES 800
SQL> SELECT DNAME, LOC
  2  FROM DEPT
  3  WHERE DEPTNO IN
  4        (SELECT DEPTNO FROM EMP WHERE SAL = 800);

DNAME          LOC                                                                                                                                                                                                                                                                                                                                                                                                                                                                                                                                                                                                                                                                                                                                                                                                                                                                                                                                                                                                                      
-------------- -------------                                                                                                                                                                                                                                                                                                                                                                                                                                                                                                                                                                                                                                                                                                                                                                                                                                                                                                                                                                                                            
RESEARCH       DALLAS                                                                                                                                                                                                                                                                                                                                                                                                                                                                                                                                                                                                                                                                                                                                                                                                                                                                                                                                                                                                                   

SQL> 
SQL> -- Q9: WAQTD DNAME OF THE EMPLOYEES WHO EARN COMMISSION
SQL> SELECT DISTINCT DNAME
  2  FROM DEPT
  3  WHERE DEPTNO IN
  4        (SELECT DEPTNO FROM EMP WHERE COMM IS NOT NULL);

DNAME                                                                                                                                                                                                                                                                                                                                                                                                                                                                                                                                                                                                                                                                                                                                                                                                                                                                                                                                                                                                                                   
--------------                                                                                                                                                                                                                                                                                                                                                                                                                                                                                                                                                                                                                                                                                                                                                                                                                                                                                                                                                                                                                          
SALES                                                                                                                                                                                                                                                                                                                                                                                                                                                                                                                                                                                                                                                                                                                                                                                                                                                                                                                                                                                                                                   

SQL> 
SQL> -- Q10: WAQTD LOC OF THE EMPLOYEES IF THEY EARN COMMISSION IN DEPT 40
SQL> SELECT LOC
  2  FROM DEPT
  3  WHERE DEPTNO IN
  4        (SELECT DEPTNO FROM EMP WHERE COMM IS NOT NULL AND DEPTNO = 40);

no rows selected

SQL> 
SQL> SPOOL OFF
