SQL> SELECT * FROM EMP;

     EMPNO ENAME      JOB              MGR HIREDATE         SAL       COMM     DEPTNO                                                                                                                                                                                                                                                                                                                                                                                                                                                                                                                                                                                                                                                                                                                                                                                                                                                                                                                                                   
---------- ---------- --------- ---------- --------- ---------- ---------- ----------                                                                                                                                                                                                                                                                                                                                                                                                                                                                                                                                                                                                                                                                                                                                                                                                                                                                                                                                                   
      7369 SMITH      CLERK           7902 17-DEC-80        800                    20                                                                                                                                                                                                                                                                                                                                                                                                                                                                                                                                                                                                                                                                                                                                                                                                                                                                                                                                                   
      7499 ALLEN      SALESMAN        7698 20-FEB-81       1600        300         30                                                                                                                                                                                                                                                                                                                                                                                                                                                                                                                                                                                                                                                                                                                                                                                                                                                                                                                                                   
      7521 WARD       SALESMAN        7698 22-FEB-81       1250        500         30                                                                                                                                                                                                                                                                                                                                                                                                                                                                                                                                                                                                                                                                                                                                                                                                                                                                                                                                                   
      7566 JONES      MANAGER         7839 02-APR-81       2975                    20                                                                                                                                                                                                                                                                                                                                                                                                                                                                                                                                                                                                                                                                                                                                                                                                                                                                                                                                                   
      7654 MARTIN     SALESMAN        7698 28-SEP-81       1250       1400         30                                                                                                                                                                                                                                                                                                                                                                                                                                                                                                                                                                                                                                                                                                                                                                                                                                                                                                                                                   
      7698 BLAKE      MANAGER         7839 01-MAY-81       2850                    30                                                                                                                                                                                                                                                                                                                                                                                                                                                                                                                                                                                                                                                                                                                                                                                                                                                                                                                                                   
      7782 CLARK      MANAGER         7839 09-JUN-81       2450                    10                                                                                                                                                                                                                                                                                                                                                                                                                                                                                                                                                                                                                                                                                                                                                                                                                                                                                                                                                   
      7788 SCOTT      ANALYST         7566 19-APR-87       3000                    20                                                                                                                                                                                                                                                                                                                                                                                                                                                                                                                                                                                                                                                                                                                                                                                                                                                                                                                                                   
      7839 KING       PRESIDENT            17-NOV-81       5000                    10                                                                                                                                                                                                                                                                                                                                                                                                                                                                                                                                                                                                                                                                                                                                                                                                                                                                                                                                                   
      7844 TURNER     SALESMAN        7698 08-SEP-81       1500          0         30                                                                                                                                                                                                                                                                                                                                                                                                                                                                                                                                                                                                                                                                                                                                                                                                                                                                                                                                                   
      7876 ADAMS      CLERK           7788 23-MAY-87       1100                    20                                                                                                                                                                                                                                                                                                                                                                                                                                                                                                                                                                                                                                                                                                                                                                                                                                                                                                                                                   
      7900 JAMES      CLERK           7698 03-DEC-81        950                    30                                                                                                                                                                                                                                                                                                                                                                                                                                                                                                                                                                                                                                                                                                                                                                                                                                                                                                                                                   
      7902 FORD       ANALYST         7566 03-DEC-81       3000                    20                                                                                                                                                                                                                                                                                                                                                                                                                                                                                                                                                                                                                                                                                                                                                                                                                                                                                                                                                   
      7934 MILLER     CLERK           7782 23-JAN-82       1300                    10                                                                                                                                                                                                                                                                                                                                                                                                                                                                                                                                                                                                                                                                                                                                                                                                                                                                                                                                                   

14 rows selected.

SQL> SELECT * FROM DEPT;

    DEPTNO DNAME          LOC                                                                                                                                                                                                                                                                                                                                                                                                                                                                                                                                                                                                                                                                                                                                                                                                                                                                                                                                                                                                           
---------- -------------- -------------                                                                                                                                                                                                                                                                                                                                                                                                                                                                                                                                                                                                                                                                                                                                                                                                                                                                                                                                                                                                 
        10 ACCOUNTING     NEW YORK                                                                                                                                                                                                                                                                                                                                                                                                                                                                                                                                                                                                                                                                                                                                                                                                                                                                                                                                                                                                      
        20 RESEARCH       DALLAS                                                                                                                                                                                                                                                                                                                                                                                                                                                                                                                                                                                                                                                                                                                                                                                                                                                                                                                                                                                                        
        30 SALES          CHICAGO                                                                                                                                                                                                                                                                                                                                                                                                                                                                                                                                                                                                                                                                                                                                                                                                                                                                                                                                                                                                       
        40 OPERATIONS     BOSTON                                                                                                                                                                                                                                                                                                                                                                                                                                                                                                                                                                                                                                                                                                                                                                                                                                                                                                                                                                                                        

SQL> 
SQL> -- Q1: WAQTD NAME OF THE EMPLOYEES WHO ARE HAVING ATLEAST 3 REPORTINGS
SQL> SELECT M.ENAME
  2  FROM EMP M
  3  WHERE 3 <= (
  4      SELECT COUNT(*)
  5      FROM EMP E
  6      WHERE E.MGR = M.EMPNO
  7  );

ENAME                                                                                                                                                                                                                                                                                                                                                                                                                                                                                                                                                                                                                                                                                                                                                                                                                                                                                                                                                                                                                                   
----------                                                                                                                                                                                                                                                                                                                                                                                                                                                                                                                                                                                                                                                                                                                                                                                                                                                                                                                                                                                                                              
BLAKE                                                                                                                                                                                                                                                                                                                                                                                                                                                                                                                                                                                                                                                                                                                                                                                                                                                                                                                                                                                                                                   
KING                                                                                                                                                                                                                                                                                                                                                                                                                                                                                                                                                                                                                                                                                                                                                                                                                                                                                                                                                                                                                                    

SQL> 
SQL> -- Q2: WAQTD NAME OF THE DEPARTMENT IN WHICH THERE ARE ATLEAST 3 EMPLOYEES WHOSE NAME HAS A CHAR 'A' IN IT
SQL> SELECT D.DNAME
  2  FROM DEPT D
  3  WHERE 3 <= (
  4      SELECT COUNT(*)
  5      FROM EMP E
  6      WHERE E.DEPTNO = D.DEPTNO
  7        AND E.ENAME LIKE '%A%'
  8  );

DNAME                                                                                                                                                                                                                                                                                                                                                                                                                                                                                                                                                                                                                                                                                                                                                                                                                                                                                                                                                                                                                                   
--------------                                                                                                                                                                                                                                                                                                                                                                                                                                                                                                                                                                                                                                                                                                                                                                                                                                                                                                                                                                                                                          
SALES                                                                                                                                                                                                                                                                                                                                                                                                                                                                                                                                                                                                                                                                                                                                                                                                                                                                                                                                                                                                                                   

SQL> 
SQL> -- Q3: WAQTD NUMBER OF EMPLOYEES REPORTING TO KING
SQL> SELECT COUNT(*) AS NO_OF_EMPLOYEES
  2  FROM EMP
  3  WHERE MGR = (SELECT EMPNO FROM EMP WHERE ENAME = 'KING');

NO_OF_EMPLOYEES                                                                                                                                                                                                                                                                                                                                                                                                                                                                                                                                                                                                                                                                                                                                                                                                                                                                                                                                                                                                                         
---------------                                                                                                                                                                                                                                                                                                                                                                                                                                                                                                                                                                                                                                                                                                                                                                                                                                                                                                                                                                                                                         
              3                                                                                                                                                                                                                                                                                                                                                                                                                                                                                                                                                                                                                                                                                                                                                                                                                                                                                                                                                                                                                         

SQL> 
SQL> -- Q4: WAQTD NAME OF THE DEPARTMENT IN WHICH SMITH'S MANAGER IS WORKING
SQL> SELECT D.DNAME
  2  FROM DEPT D
  3  WHERE D.DEPTNO =
  4        (SELECT DEPTNO
  5         FROM EMP
  6         WHERE EMPNO =
  7               (SELECT MGR FROM EMP WHERE ENAME = 'SMITH'));

DNAME                                                                                                                                                                                                                                                                                                                                                                                                                                                                                                                                                                                                                                                                                                                                                                                                                                                                                                                                                                                                                                   
--------------                                                                                                                                                                                                                                                                                                                                                                                                                                                                                                                                                                                                                                                                                                                                                                                                                                                                                                                                                                                                                          
RESEARCH                                                                                                                                                                                                                                                                                                                                                                                                                                                                                                                                                                                                                                                                                                                                                                                                                                                                                                                                                                                                                                

SQL> 
SQL> -- Q5: WAQTD NUMBER OF EMPLOYEES REPORTING TO BLAKE'S MANAGER
SQL> SELECT COUNT(*) AS NO_OF_EMPLOYEES
  2  FROM EMP
  3  WHERE MGR =
  4        (SELECT MGR FROM EMP WHERE ENAME = 'BLAKE');

NO_OF_EMPLOYEES                                                                                                                                                                                                                                                                                                                                                                                                                                                                                                                                                                                                                                                                                                                                                                                                                                                                                                                                                                                                                         
---------------                                                                                                                                                                                                                                                                                                                                                                                                                                                                                                                                                                                                                                                                                                                                                                                                                                                                                                                                                                                                                         
              3                                                                                                                                                                                                                                                                                                                                                                                                                                                                                                                                                                                                                                                                                                                                                                                                                                                                                                                                                                                                                         

SQL> 
SQL> -- Q6: WAQTD NAME OF THE EMPLOYEE ALONG WITH HIS MANAGER ONLY IF MANAGER WORKING IN SALES DEPARTMENT
SQL> SELECT E.ENAME AS EMP_NAME, M.ENAME AS MANAGER_NAME
  2  FROM EMP E
  3  JOIN EMP M ON E.MGR = M.EMPNO
  4  WHERE M.DEPTNO = (SELECT DEPTNO FROM DEPT WHERE DNAME = 'SALES');

EMP_NAME   MANAGER_NA                                                                                                                                                                                                                                                                                                                                                                                                                                                                                                                                                                                                                                                                                                                                                                                                                                                                                                                                                                                                                   
---------- ----------                                                                                                                                                                                                                                                                                                                                                                                                                                                                                                                                                                                                                                                                                                                                                                                                                                                                                                                                                                                                                   
ALLEN      BLAKE                                                                                                                                                                                                                                                                                                                                                                                                                                                                                                                                                                                                                                                                                                                                                                                                                                                                                                                                                                                                                        
WARD       BLAKE                                                                                                                                                                                                                                                                                                                                                                                                                                                                                                                                                                                                                                                                                                                                                                                                                                                                                                                                                                                                                        
MARTIN     BLAKE                                                                                                                                                                                                                                                                                                                                                                                                                                                                                                                                                                                                                                                                                                                                                                                                                                                                                                                                                                                                                        
TURNER     BLAKE                                                                                                                                                                                                                                                                                                                                                                                                                                                                                                                                                                                                                                                                                                                                                                                                                                                                                                                                                                                                                        
JAMES      BLAKE                                                                                                                                                                                                                                                                                                                                                                                                                                                                                                                                                                                                                                                                                                                                                                                                                                                                                                                                                                                                                        

SQL> 
SQL> -- Q7: WAQTD DNAME AND AVERAGE SALARY FOR EACH DEPARTMENT EXCLUDING DEPT 20
SQL> SELECT D.DNAME, AVG(E.SAL) AS AVG_SALARY
  2  FROM EMP E
  3  JOIN DEPT D ON E.DEPTNO = D.DEPTNO
  4  WHERE E.DEPTNO <> 20
  5  GROUP BY D.DNAME;

DNAME          AVG_SALARY                                                                                                                                                                                                                                                                                                                                                                                                                                                                                                                                                                                                                                                                                                                                                                                                                                                                                                                                                                                                               
-------------- ----------                                                                                                                                                                                                                                                                                                                                                                                                                                                                                                                                                                                                                                                                                                                                                                                                                                                                                                                                                                                                               
ACCOUNTING     2916.66667                                                                                                                                                                                                                                                                                                                                                                                                                                                                                                                                                                                                                                                                                                                                                                                                                                                                                                                                                                                                               
SALES          1566.66667                                                                                                                                                                                                                                                                                                                                                                                                                                                                                                                                                                                                                                                                                                                                                                                                                                                                                                                                                                                                               

SQL> 
SQL> -- Q8: DISPLAY NAME OF THE EMPLOYEES REPORTING TO CLERK'S MANAGER'S MANAGER
SQL> SELECT E.ENAME
  2  FROM EMP E
  3  WHERE E.MGR =
  4        (SELECT MGR
  5         FROM EMP
  6         WHERE EMPNO =
  7               (SELECT MGR FROM EMP WHERE JOB = 'CLERK'));
             (SELECT MGR FROM EMP WHERE JOB = 'CLERK'))
              *
ERROR at line 7:
ORA-01427: single-row subquery returns more than one row 


SQL> 
SQL> -- Q9: WAQTD NAME OF EMP, HIS DNAME, HIS MANAGER NAME, HIS DNAME
SQL> --     ONLY IF EMPLOYEE'S MANAGER'S MANAGER WORKS IN ACCOUNTING DEPARTMENT
SQL> SELECT E.ENAME AS EMP_NAME, D1.DNAME AS EMP_DNAME,
  2         M.ENAME AS MANAGER_NAME, D2.DNAME AS MANAGER_DNAME
  3  FROM EMP E
  4  JOIN EMP M  ON E.MGR = M.EMPNO
  5  JOIN EMP MM ON M.MGR = MM.EMPNO
  6  JOIN DEPT D1 ON E.DEPTNO = D1.DEPTNO
  7  JOIN DEPT D2 ON M.DEPTNO = D2.DEPTNO
  8  WHERE MM.DEPTNO = (SELECT DEPTNO FROM DEPT WHERE DNAME = 'ACCOUNTING');

EMP_NAME   EMP_DNAME      MANAGER_NA MANAGER_DNAME                                                                                                                                                                                                                                                                                                                                                                                                                                                                                                                                                                                                                                                                                                                                                                                                                                                                                                                                                                                      
---------- -------------- ---------- --------------                                                                                                                                                                                                                                                                                                                                                                                                                                                                                                                                                                                                                                                                                                                                                                                                                                                                                                                                                                                     
MILLER     ACCOUNTING     CLARK      ACCOUNTING                                                                                                                                                                                                                                                                                                                                                                                                                                                                                                                                                                                                                                                                                                                                                                                                                                                                                                                                                                                         
FORD       RESEARCH       JONES      RESEARCH                                                                                                                                                                                                                                                                                                                                                                                                                                                                                                                                                                                                                                                                                                                                                                                                                                                                                                                                                                                           
SCOTT      RESEARCH       JONES      RESEARCH                                                                                                                                                                                                                                                                                                                                                                                                                                                                                                                                                                                                                                                                                                                                                                                                                                                                                                                                                                                           
JAMES      SALES          BLAKE      SALES                                                                                                                                                                                                                                                                                                                                                                                                                                                                                                                                                                                                                                                                                                                                                                                                                                                                                                                                                                                              
TURNER     SALES          BLAKE      SALES                                                                                                                                                                                                                                                                                                                                                                                                                                                                                                                                                                                                                                                                                                                                                                                                                                                                                                                                                                                              
MARTIN     SALES          BLAKE      SALES                                                                                                                                                                                                                                                                                                                                                                                                                                                                                                                                                                                                                                                                                                                                                                                                                                                                                                                                                                                              
WARD       SALES          BLAKE      SALES                                                                                                                                                                                                                                                                                                                                                                                                                                                                                                                                                                                                                                                                                                                                                                                                                                                                                                                                                                                              
ALLEN      SALES          BLAKE      SALES                                                                                                                                                                                                                                                                                                                                                                                                                                                                                                                                                                                                                                                                                                                                                                                                                                                                                                                                                                                              

8 rows selected.

SQL> 
SQL> -- Q10: WAQTD DEPARTMENT NAME IN WHICH THERE ARE NO EMPLOYEES
SQL> SELECT D.DNAME
  2  FROM DEPT D
  3  WHERE D.DEPTNO NOT IN (SELECT DISTINCT DEPTNO FROM EMP);

DNAME                                                                                                                                                                                                                                                                                                                                                                                                                                                                                                                                                                                                                                                                                                                                                                                                                                                                                                                                                                                                                                   
--------------                                                                                                                                                                                                                                                                                                                                                                                                                                                                                                                                                                                                                                                                                                                                                                                                                                                                                                                                                                                                                          
OPERATIONS                                                                                                                                                                                                                                                                                                                                                                                                                                                                                                                                                                                                                                                                                                                                                                                                                                                                                                                                                                                                                              

SQL> 
SQL> -- Q11: WAQTD NAME OF EMPLOYEE AND HIS MANAGER WITH HIS MANAGER
SQL> --      ALONG WITH THEIR DEPARTMENT NAMES IF EMPLOYEE GETS LESS SALARY THAN MANAGER'S MANAGER
SQL> SELECT E.ENAME AS EMP_NAME, D1.DNAME AS EMP_DNAME,
  2         M.ENAME AS MANAGER_NAME, D2.DNAME AS MANAGER_DNAME,
  3         MM.ENAME AS MANAGER_MANAGER_NAME, D3.DNAME AS MANAGER_MANAGER_DNAME
  4  FROM EMP E
  5  JOIN EMP M  ON E.MGR = M.EMPNO
  6  JOIN EMP MM ON M.MGR = MM.EMPNO
  7  JOIN DEPT D1 ON E.DEPTNO = D1.DEPTNO
  8  JOIN DEPT D2 ON M.DEPTNO = D2.DEPTNO
  9  JOIN DEPT D3 ON MM.DEPTNO = D3.DEPTNO
 10  WHERE E.SAL < MM.SAL;

EMP_NAME   EMP_DNAME      MANAGER_NA MANAGER_DNAME  MANAGER_MA MANAGER_MANAGE                                                                                                                                                                                                                                                                                                                                                                                                                                                                                                                                                                                                                                                                                                                                                                                                                                                                                                                                                           
---------- -------------- ---------- -------------- ---------- --------------                                                                                                                                                                                                                                                                                                                                                                                                                                                                                                                                                                                                                                                                                                                                                                                                                                                                                                                                                           
JAMES      SALES          BLAKE      SALES          KING       ACCOUNTING                                                                                                                                                                                                                                                                                                                                                                                                                                                                                                                                                                                                                                                                                                                                                                                                                                                                                                                                                               
TURNER     SALES          BLAKE      SALES          KING       ACCOUNTING                                                                                                                                                                                                                                                                                                                                                                                                                                                                                                                                                                                                                                                                                                                                                                                                                                                                                                                                                               
MARTIN     SALES          BLAKE      SALES          KING       ACCOUNTING                                                                                                                                                                                                                                                                                                                                                                                                                                                                                                                                                                                                                                                                                                                                                                                                                                                                                                                                                               
WARD       SALES          BLAKE      SALES          KING       ACCOUNTING                                                                                                                                                                                                                                                                                                                                                                                                                                                                                                                                                                                                                                                                                                                                                                                                                                                                                                                                                               
ALLEN      SALES          BLAKE      SALES          KING       ACCOUNTING                                                                                                                                                                                                                                                                                                                                                                                                                                                                                                                                                                                                                                                                                                                                                                                                                                                                                                                                                               
FORD       RESEARCH       JONES      RESEARCH       KING       ACCOUNTING                                                                                                                                                                                                                                                                                                                                                                                                                                                                                                                                                                                                                                                                                                                                                                                                                                                                                                                                                               
SCOTT      RESEARCH       JONES      RESEARCH       KING       ACCOUNTING                                                                                                                                                                                                                                                                                                                                                                                                                                                                                                                                                                                                                                                                                                                                                                                                                                                                                                                                                               
MILLER     ACCOUNTING     CLARK      ACCOUNTING     KING       ACCOUNTING                                                                                                                                                                                                                                                                                                                                                                                                                                                                                                                                                                                                                                                                                                                                                                                                                                                                                                                                                               
ADAMS      RESEARCH       SCOTT      RESEARCH       JONES      RESEARCH                                                                                                                                                                                                                                                                                                                                                                                                                                                                                                                                                                                                                                                                                                                                                                                                                                                                                                                                                                 
SMITH      RESEARCH       FORD       RESEARCH       JONES      RESEARCH                                                                                                                                                                                                                                                                                                                                                                                                                                                                                                                                                                                                                                                                                                                                                                                                                                                                                                                                                                 

10 rows selected.

SQL> 
SQL> -- Q12: WAQTD NAMES OF EMPLOYEES INDIRECTLY REPORTING TO KING
SQL> SELECT E.ENAME
  2  FROM EMP E
  3  WHERE E.MGR IN (
  4      SELECT EMPNO FROM EMP WHERE MGR =
  5            (SELECT EMPNO FROM EMP WHERE ENAME = 'KING')
  6  );

ENAME                                                                                                                                                                                                                                                                                                                                                                                                                                                                                                                                                                                                                                                                                                                                                                                                                                                                                                                                                                                                                                   
----------                                                                                                                                                                                                                                                                                                                                                                                                                                                                                                                                                                                                                                                                                                                                                                                                                                                                                                                                                                                                                              
ALLEN                                                                                                                                                                                                                                                                                                                                                                                                                                                                                                                                                                                                                                                                                                                                                                                                                                                                                                                                                                                                                                   
WARD                                                                                                                                                                                                                                                                                                                                                                                                                                                                                                                                                                                                                                                                                                                                                                                                                                                                                                                                                                                                                                    
MARTIN                                                                                                                                                                                                                                                                                                                                                                                                                                                                                                                                                                                                                                                                                                                                                                                                                                                                                                                                                                                                                                  
SCOTT                                                                                                                                                                                                                                                                                                                                                                                                                                                                                                                                                                                                                                                                                                                                                                                                                                                                                                                                                                                                                                   
TURNER                                                                                                                                                                                                                                                                                                                                                                                                                                                                                                                                                                                                                                                                                                                                                                                                                                                                                                                                                                                                                                  
JAMES                                                                                                                                                                                                                                                                                                                                                                                                                                                                                                                                                                                                                                                                                                                                                                                                                                                                                                                                                                                                                                   
FORD                                                                                                                                                                                                                                                                                                                                                                                                                                                                                                                                                                                                                                                                                                                                                                                                                                                                                                                                                                                                                                    
MILLER                                                                                                                                                                                                                                                                                                                                                                                                                                                                                                                                                                                                                                                                                                                                                                                                                                                                                                                                                                                                                                  

8 rows selected.

SQL> 
SQL> -- Q13: WAQTD NAME OF THE EMPLOYEE GETTING 8TH MIN SALARY
SQL> SELECT ENAME
  2  FROM EMP
  3  WHERE SAL =
  4        (SELECT MIN(SAL)
  5         FROM EMP
  6         WHERE SAL >
  7               (SELECT MIN(SAL)
  8                FROM EMP
  9                WHERE SAL >
 10                      (SELECT MIN(SAL)
 11                       FROM EMP
 12                       WHERE SAL >
 13                             (SELECT MIN(SAL)
 14                              FROM EMP
 15                              WHERE SAL >
 16                                    (SELECT MIN(SAL)
 17                                     FROM EMP
 18                                     WHERE SAL >
 19                                           (SELECT MIN(SAL)
 20                                            FROM EMP
 21                                           )
 22                                    )
 23                             )
 24                      )
 25                )
 26         )
 27  );
)
*
ERROR at line 27:
ORA-00933: SQL command not properly ended 


SQL> 
SQL> -- NOT ABLE TO DO THE 13TH ONE
SQL> 
SQL> -- Q14: WAQTD NAME OF THE EMPLOYEE WHO WAS HIRED AFTER 6 EMPLOYEES
SQL> SELECT ENAME
  2  FROM EMP
  3  WHERE HIREDATE =
  4        (SELECT MAX(HIREDATE)
  5         FROM (
  6              SELECT DISTINCT HIREDATE
  7              FROM EMP
  8              WHERE HIREDATE <
  9                    (SELECT MAX(HIREDATE)
 10                     FROM (
 11                          SELECT DISTINCT HIREDATE
 12                          FROM EMP
 13                          ORDER BY HIREDATE
 14                          FETCH FIRST 7 ROWS ONLY
 15                     ))
 16         ));
                        FETCH FIRST 7 ROWS ONLY
                        *
ERROR at line 14:
ORA-00907: missing right parenthesis 


SQL> 
SQL> NOT ABLE TO DO THIS ALSO
SP2-0734: unknown command beginning "NOT ABLE T..." - rest of line ignored.
SQL> 
SQL> -- Q15: WAQTD DNAME, ENAME OF THE EMPLOYEES REPORTING TO MARTIN
SQL> --      ONLY IF EMPLOYEE WORKS IN ACCOUNTING OR SALES DEPT
SQL> SELECT D.DNAME, E.ENAME
  2  FROM EMP E
  3  JOIN DEPT D ON E.DEPTNO = D.DEPTNO
  4  WHERE E.MGR = (SELECT EMPNO FROM EMP WHERE ENAME = 'MARTIN')
  5  AND D.DNAME IN ('ACCOUNTING', 'SALES');

no rows selected

SQL> SPOOL OFF
